key,key:userAccount,supervisor,expertiseField,resume,link
assistant-01,user-account-assistant-01,P,Lorem ipsum,Lorem ipsum,null
assistant-02,user-account-assistant-02,Pe,Lorem ipsum,Lorem ipsum,http://example.com
assistant-03,user-account-assistant-03,متجذّران. في تُربة. المجاز,Lorem ipsum,Lorem ipsum,http://example.com
assistant-04,user-account-assistant-04,Pedro Lopez Ruz nacido en Montilla provincia de Cordoba al sur provincial,Lorem ipsum,Lorem ipsum,null
assistant-05,user-account-assistant-05,Pedro Lopez Ruz nacido en Montilla provincia de Cordoba al sur provincial 1,Lorem ipsum,Lorem ipsum,http://example.com
assistant-06,user-account-assistant-06,Lorem ipsum,L,Lorem ipsum,null
assistant-07,user-account-assistant-07,Lorem ipsum,Lo,Lorem ipsum,http://example.com
assistant-08,user-account-assistant-08,Lorem ipsum,"El sol, brillaba intensamente en el cielo azul mientras los pájaros cantaban alegremente en árboles",Lorem ipsum,http://example.com
assistant-09,user-account-assistant-09,Lorem ipsum,"El sol, brillaba intensamente en el cielo azul mientras los pájaros cantaban alegremente en árboles.",<h1> hello!<h1>,null
assistant-10,user-account-assistant-10,Lorem ipsum,متجذّران. في تُربة. المجاز,Lorem ipsum,http://example.com
assistant-11,user-account-assistant-11,Lorem ipsum,<h1> hello!<h1>,Lorem ipsum,http://example.com
assistant-12,user-account-assistant-12,Lorem ipsum,"<script> alert(""hi!"")</script>",Lorem ipsum,http://example.com
assistant-13,user-account-assistant-13,Lorem ipsum,Lorem ipsum,L,null
assistant-14,user-account-assistant-14,Lorem ipsum,Lorem ipsum,Lo,http://example.com
assistant-15,user-account-assistant-15,Lorem ipsum,Lorem ipsum,"El sol, brillaba intensamente en el cielo azul mientras los pájaros cantaban alegremente en árboles",http://example.com
assistant-16,user-account-assistant-16,Lorem ipsum,Lorem ipsum,"El sol, brillaba intensamente en el cielo azul mientras los pájaros cantaban alegremente en árboles.",http://example.com
assistant-17,user-account-assistant-17,Lorem ipsum,Lorem ipsum,متجذّران. في تُربة. المجاز,null
assistant-18,user-account-assistant-18,Lorem ipsum,Lorem ipsum,<h1> hello!<h1>,http://example.com
