key,key:userAccount,name,vatNumber,summary,link
company-01,user-account-company-01,Company,12345678998,Graduado ,http://example.com
company-02,user-account-company-02,C,12345678998,"<script> alert(""hi!"")</script>",http://example.com
company-03,user-account-company-03,Co,12345678998,Graduado en la universidad de Sevilla de Ingeniería de Software comprobando mas ,http://example.com
company-04,user-account-company-04,Título de setenta y cinco caracteres exactos para esta empresas profesional,12345678998,Graduado en la universidad de Sevilla de Ingeniería de Software,http://example.com
company-05,user-account-company-05,Soy un nombre de setenta y cuatro caracteres para la empresas profesional,12345678998,こんにちは、私のすべての人々に私たちはお元気ですか,http://example.com
company-06,user-account-company-06,<h1> welcome to the class!<h1>,12345678998,tvAS5xHmNyNKxTxanv2gj98GeShhXkTQbiTatkBnGTTtR7BjLABgR3vWRGG9gJvEhZB5q73xdCXtdBLaMe8T8YqrRfDHXAKDD,http://example.com
company-07,user-account-company-07,"<script>alert(""hi!"")</script>",12345678998,Graduado ,http://example.com
company-08,user-account-company-08,こんにちは、私,12345678998,Graduado ,http://example.com
company-09,user-account-company-09,Company,1,Graduado ,http://example.com
company-10,user-account-company-10,Company,12,Graduado ,http://example.com
company-11,user-account-company-11,Company,123,Graduado ,http://example.com
company-12,user-account-company-12,Company,1234567899876543211234567,Graduado ,http://example.com
company-13,user-account-company-13,Company,123456789987654321123456,Graduado ,http://example.com
company-14,user-account-company-14,Company,<h1> welcome to<h1>,Graduado ,http://example.com
company-15,user-account-company-15,Company,こんにちは、私,Graduado ,http://example.com
company-16,user-account-company-16,Company,console.log("Hola!"),Graduado ,http://example.com
company-17,user-account-company-17,Company,12345678998,G,http://example.com
company-18,user-account-company-18,Company,12345678998,Gr,http://example.com
company-19,user-account-company-19,Company,12345678998,Gra,http://example.com
company-20,user-account-company-20,Company,12345678998,voy a escribir cien caracteres en esta línea para hacer la prueba de que es válida para los csv okey,http://example.com
company-21,user-account-company-21,Company,12345678998,voy a escribir 99 caracteres en esta línea para hacer la prueba de que es válida para los csvs okey,http://example.com
company-22,user-account-company-22,Company,12345678998,<h1> welcome to the class!<h1>,http://example.com
company-23,user-account-company-23,Company,12345678998,"<script>alert(""hi!"")</script>",http://example.com
company-24,user-account-company-24,Company,12345678998,console.log("Hola!"),http://example.com
company-25,user-account-company-25,Company,12345678998,こんにちは、私,http://example.com
company-26,user-account-company-26,Company,12345678998,Gra,null
company-27,user-account-company-27,Company,12345678998,Gra,http://example.com