key,key:userAccount,almaMater,qualifications,resume,link
lecturer-01,user-account-lecturer-01,a,qualifications,Graduado,http://example.com
lecturer-02,user-account-lecturer-02,al,qualifications,Graduado,http://example.com
lecturer-03,user-account-lecturer-03,4V4gZES32W4gxYad7ap2RERmL7HeB9nxdDnNk8BQKdB4bJXf6zriKV3Sz4R5GAmfg9DWekfsdr,qualifications,Graduado,http://example.com
lecturer-04,user-account-lecturer-04,4V4gZES32W4gxYad7ap2RERmL7HeB9nxdDnNk8BQKdB4bJXf6zriKV3Sz4R5GAmfg9DWekfsdrM,qualifications,Graduado,http://example.com
lecturer-05,user-account-lecturer-05,almaMater,q,Graduado,http://example.com
lecturer-06,user-account-lecturer-06,almaMater,qu,Graduado,http://example.com
lecturer-07,user-account-lecturer-07,almaMater,voy a escribir 99 caracteres en esta línea para hacer la prueba de que es válida para los csv okeyy,Graduado,http://example.com
lecturer-08,user-account-lecturer-08,almaMater,voy a escribir cien caracteres en esta línea para hacer la prueba de que es válida para los csv okey,Graduado,http://example.com
lecturer-09,user-account-lecturer-09,almaMater,qualfications,G,http://example.com
lecturer-10,user-account-lecturer-10,almaMater,qualfications,Gr,http://example.com
lecturer-11,user-account-lecturer-11,almaMater,qualfications,voy a escribir 99 caracteres en esta línea para hacer la prueba de que es válida para los csv okeyy,http://example.com
lecturer-12,user-account-lecturer-12,almaMater,qualfications,voy a escribir cien caracteres en esta línea para hacer la prueba de que es válida para los csv okey,http://example.com
lecturer-13,user-account-lecturer-13,almaMater,qualfications,مرحبا لكل شعبي كيف حالالفيزياء الكيميائية,http://example.com
lecturer-14,user-account-lecturer-14,almaMater,qualfications,こんにちは、私のすべての人々に私たちはお元気ですか,http://example.com
lecturer-15,user-account-lecturer-15,almaMater,qualfications,<h1> hello and welcome to the class!<h1>,http://example.com
lecturer-16,user-account-lecturer-16,almaMater,qualfications,"<script> alert(""hi!"")</script>",http://example.com
lecturer-17,user-account-lecturer-17,almaMater,qualfications,#%&*@¡¿$/`´'€~|ª¨,http://example.com
lecturer-18,user-account-lecturer-18,almaMater,qualfications,Graduado,