key,instantiation,title,nick,message,email,link
peep-01,2021/12/10 23:00,Lorem ipsum,Lorem ipsum,Lorem ipsum,peep1@acme.com,http://example.com
peep-02,2021/12/10 23:00,Lorem ipsum,Lorem ipsum,Lorem ipsum,null,http://example.com
peep-03,2021/12/10 23:00,Lorem ipsum,Lorem ipsum,Lorem ipsum,peep2@acme.com,null
peep-04,2021/12/10 23:00,Lorem ipsum,Lorem ipsum,Lorem ipsum,null,http://example.com
peep-05,2021/12/10 23:00,L,Lorem ipsum,Lorem ipsum,peep2@acm,null
peep-06,2021/12/10 23:00,Lo,Lorem ipsum,Lorem ipsum,peep2@acm,http://example.com
peep-07,2021/12/10 23:00,El mar estaba en calma y el cielo despejado creando una hermosa vista azul,Lorem ipsum,Lorem ipsum,null,http://example.com
peep-08,2021/12/10 23:00,El mar estaba en calma y el cielo despejado creando una hermosa vista azul.,Lorem ipsum,Lorem ipsum,peep2@acm,http://example.com
peep-09,2021/12/10 23:00,<h1> hello!<h1>,Lorem ipsum,Lorem ipsum,peep2@acm,http://example.com
peep-10,2021/12/10 23:00,彼女は美しく、知的で、自信に満ちていた。彼,Lorem ipsum,Lorem ipsum,peep2@acm,http://example.com
peep-11,2021/12/10 23:00,Lorem ipsum,L,Lorem ipsum,null,null
peep-12,2021/12/10 23:00,Lorem ipsum,Lo,Lorem ipsum,peep2@acm,http://example.com
peep-13,2021/12/10 23:00,Lorem ipsum,El mar estaba en calma y el cielo despejado creando una hermosa vista azul,Lorem ipsum,peep2@acm,http://example.com
peep-14,2021/12/10 23:00,Lorem ipsum,El mar estaba en calma y el cielo despejado creando una hermosa vista azul.,Lorem ipsum,peep2@acm,null
peep-15,2021/12/10 23:00,Lorem ipsum,<h1> hello!<h1>,Lorem ipsum,null,http://example.com
peep-16,2021/12/10 23:00,Lorem ipsum,彼女は美しく、知的で、自信に満ちていた。彼,Lorem ipsum,peep2@acm,http://example.com
peep-17,2021/12/10 23:00,Lorem ipsum,Lorem ipsum,L,null,null
peep-18,2021/12/10 23:00,Lorem ipsum,Lorem ipsum,Lo,peep2@acm,http://example.com
peep-19,2021/12/10 23:00,Lorem ipsum,Lorem ipsum,El mar estaba en calma y el cielo despejado creando una hermosa vista azul,null,http://example.com
peep-20,2021/12/10 23:00,Lorem ipsum,Lorem ipsum,El mar estaba en calma y el cielo despejado creando una hermosa vista azul.,peep2@acm,http://example.com
peep-21,2021/12/10 23:00,Lorem ipsum,Lorem ipsum,<h1> hello!<h1>,peep2@acm,http://example.com
peep-22,2021/12/10 23:00,Lorem ipsum,Lorem ipsum,彼女は美しく、知的で、自信に満ちていた。彼,null,http://example.com
